joachim = Joachim Schöberl <joachim.schoeberl@tuwien.ac.at>
joachimschoberl = Joachim Schöberl <joachim.schoeberl@tuwien.ac.at>
gkitzler = Gerhard Kitzler <gerhard.kitzler@tuwien.ac.at>
philippose = Philippose Rajan <philippose.rajan@gmail.com>
schruste = Christoph Lehrenfeld <lehrenfeld@igpm.rwth-aachen.de>
nannen = Lothar Nannen <lothar.nannen@tuwien.ac.at>
cwintersteiger = Christoph Wintersteiger <e1026218@student.tuwien.ac.at>
mhochste = Matthias Hochsteger <e0627568@student.tuwien.ac.at>
